{
    "AWSTemplateFormatVersion" : "2010-09-09",
    "Description": "Creates resources for Activity Log backend components.",
	"Parameters" : {
		"Environment" : {
			"Type" : "String",
			"AllowedValues" : ["test", "prod"]
		}
	},
    "Resources" : {
    	"ActivitiesTable": {
    		"Type": "AWS::DynamoDB::Table",
    		"Properties": {
    			"TableName": {"Fn::Sub": "activity-log-activities-${Environment}-table"},
    			"KeySchema": [
    				{"AttributeName": "id", "KeyType": "HASH"}
    			],
				"AttributeDefinitions" : [
			        {
			            "AttributeName" : "id",
			            "AttributeType" : "S"   
			        }
			    ],
			    "ProvisionedThroughput": {
			    	"ReadCapacityUnits": 5,
			    	"WriteCapacityUnits": 5
			    },
    			"Tags": [
                    {"Key": "sc:application", "Value": "Activity Log"},
    				{"Key": "sc:functionality:area", "Value": "Activities"},
                    {"Key": "sc:environment", "Value": {"Fn::Sub": "${Environment"}}
    			]
    		}
    	},
    	"DutiesTable": {
    		"Type": "AWS::DynamoDB::Table",
    		"Properties": {
    			"TableName": {"Fn::Sub": "activity-log-duties-${Environment}-table"},
    			"KeySchema": [
    				{"AttributeName": "id", "KeyType": "HASH"}
    			],
				"AttributeDefinitions" : [
			        {
			            "AttributeName" : "id",
			            "AttributeType" : "S"   
			        }
			    ],
			    "ProvisionedThroughput": {
			    	"ReadCapacityUnits": 5,
			    	"WriteCapacityUnits": 5
			    },
			    "Tags": [
                    {"Key": "sc:application", "Value": "Activity Log"},
                    {"Key": "sc:functionality:area", "Value": "Duties"},
                    {"Key": "sc:environment", "Value": {"Fn::Sub": "${Environment"}}
    			]
    		}
    	},
        "DutyTypesTable": {
            "Type": "AWS::DynamoDB::Table",
            "Properties": {
                "TableName": {"Fn::Sub": "activity-log-duty-types-${Environment}-table"},
                "KeySchema": [
                    {"AttributeName": "id", "KeyType": "HASH"}
                ],
                "AttributeDefinitions" : [
                    {
                        "AttributeName" : "id",
                        "AttributeType" : "S"   
                    }
                ],
                "ProvisionedThroughput": {
                    "ReadCapacityUnits": 5,
                    "WriteCapacityUnits": 5
                },
                "Tags": [
                    {"Key": "sc:application", "Value": "Activity Log"},
                    {"Key": "sc:functionality:area", "Value": "Duties"},
                    {"Key": "sc:environment", "Value": {"Fn::Sub": "${Environment"}}
                ]
            }
        },
        "CreateDutyTypeFunction": {
            "Type": "AWS::Lambda::Function",
            "Properties": {
                "Code": {
                    "S3Bucket": "sebcel-activity-log-backend-sources",
                    "S3Key": "CreateDutyTypeFunction.js"
                },
                "Handler": "index.handler",
                "Runtime": "nodejs8.10",
                "Timeout": 60,
                "MemorySize": 128,
                "Role": { "Fn::GetAtt": ["LambdaExecutionRole", "Arn"]}
            }
        },
        "GetDutyTypesFunction": {
            "Type": "AWS::Lambda::Function",
            "Properties": {
                "Code": {
                    "S3Bucket": "sebcel-activity-log-backend-sources",
                    "S3Key": "GetDutyTypesFunction.js"
                },
                "Handler": "index.handler",
                "Runtime": "nodejs8.10",
                "Timeout": 60,
                "MemorySize": 128,
                "Role": { "Fn::GetAtt": ["LambdaExecutionRole", "Arn"]}
            }
        },
        "GetDutiesFunction": {
            "Type": "AWS::Lambda::Function",
            "Properties": {
                "Code": {
                    "S3Bucket": "sebcel-activity-log-backend-sources",
                    "S3Key": "GetDutiesFunction.js"
                },
                "Handler": "index.handler",
                "Runtime": "nodejs8.10",
                "Timeout": 60,
                "MemorySize": 128,
                "Role": { "Fn::GetAtt": ["LambdaExecutionRole", "Arn"]}
            }
        },
        "SaveDutyDataFunction": {
            "Type": "AWS::Lambda::Function",
            "Properties": {
                "Code": {
                    "S3Bucket": "sebcel-activity-log-backend-sources",
                    "S3Key": "SaveDutyDataFunction.js"
                },
                "Handler": "index.handler",
                "Runtime": "nodejs8.10",
                "Timeout": 60,
                "MemorySize": 128,
                "Role": { "Fn::GetAtt": ["LambdaExecutionRole", "Arn"]}
            }
        },
        "DeleteDutyDataFunction": {
            "Type": "AWS::Lambda::Function",
            "Properties": {
                "Code": {
                    "S3Bucket": "sebcel-activity-log-backend-sources",
                    "S3Key": "DeleteDutyDataFunction.js"
                },
                "Handler": "index.handler",
                "Runtime": "nodejs8.10",
                "Timeout": 60,
                "MemorySize": 128,
                "Role": { "Fn::GetAtt": ["LambdaExecutionRole", "Arn"]}
            }
        },
        "LambdaExecutionRole": {
            "Type": "AWS::IAM::Role",
            "Properties": {
                "AssumeRolePolicyDocument": {
                    "Version": "2012-10-17",
                    "Statement": [
                        {
                            "Effect": "Allow",
                            "Principal": {
                                "Service": ["lambda.amazonaws.com"]
                            },
                            "Action": ["sts:AssumeRole"]
                        }
                    ]
                },
                "Path": "/"
            }
        },
        "LambdaExecutionPolicy": {
            "DependsOn": [
                "LambdaExecutionRole"
            ],
            "Type": "AWS::IAM::Policy",
            "Properties": {
                "PolicyName": "sebcel-activity-log-access-dynamodb-tables",
                "Roles": [
                    {"Ref": "LambdaExecutionRole"}
                ],
                "PolicyDocument": {
                    "Version": "2012-10-17",
                    "Statement": [
                        {
                            "Effect": "Allow",
                            "Action": ["logs:*"],
                            "Resource": ["arn:aws:logs:*:*:*"]
                        },
                        {
                            "Effect": "Allow",
                            "Action": [
                                "dynamodb:PutItem",
                                "dynamodb:GetItem",
                                "dynamodb:Scan",
                                "dynamodb:DeleteItem"
                            ],
                            "Resource": [
                                { "Fn::GetAtt": ["ActivitiesTable", "Arn"]},
                                { "Fn::GetAtt": ["DutiesTable", "Arn"]},
                                { "Fn::GetAtt": ["DutyTypesTable", "Arn"]}
                            ]
                        }
                    ]
                }
            }
        }
    }
}